"BONNES AFFAIRES > Moins de 5€","Littérature française"
"BONNES AFFAIRES > Lots de livres","Littérature française"
"BONNES AFFAIRES > Déstockage","Littérature française"
"BONNES AFFAIRES > Livres à 1€","Littérature française"
"PAR BUDGET > Moins de 3€","Littérature française"
"PAR BUDGET > 3€ à 5€","Littérature française"
"PAR BUDGET > 5€ à 10€","Littérature française"
"PAR BUDGET > 10€ à 20€","Littérature française"
"PAR BUDGET > Plus de 20€","Littérature française"
"OCCASIONS DU MOMENT > Rentrée littéraire","Littérature française"
"OCCASIONS DU MOMENT > Prix littéraires années précédentes","Littérature française"
"OCCASIONS DU MOMENT > Best-sellers d'hier","Littérature française"
"OCCASIONS DU MOMENT > Coups de cœur libraire","Littérature française"
"DERNIERS ARRIVAGES > Nouveaux livres cette semaine","Littérature française"
"DERNIERS ARRIVAGES > Bientôt en rayon","Littérature française"
"DERNIERS ARRIVAGES > Réservations possibles","Littérature française"
"DÉPARTS IMMINENTS > Derniers exemplaires","Littérature française"
"DÉPARTS IMMINENTS > Plus que 2 en stock","Littérature française"
"DÉPARTS IMMINENTS > Vente flash 48h","Littérature française"
"LIVRES RARES & COLLECTION > Éditions originales","Littérature française"
"LIVRES RARES & COLLECTION > Livres anciens (avant 1900)","Histoire ancienne"
"LIVRES RARES & COLLECTION > Livres signés/dédicacés","Littérature française"
"LIVRES RARES & COLLECTION > Beaux livres épuisés","Beaux arts"
"LIVRES RARES & COLLECTION > Collections complètes","Littérature française"
"LIVRES RARES & COLLECTION > Livres de bibliophilie","Littérature française"
"FORMATS SPÉCIAUX > Livres grand format","Littérature française"
"FORMATS SPÉCIAUX > Livres de poche","Poches littérature française"
"FORMATS SPÉCIAUX > Livres audio (CD)","Littérature française"
"FORMATS SPÉCIAUX > Coffrets","Littérature française"
"FORMATS SPÉCIAUX > Intégrales","Littérature française"
"ADOS > Apprendre > Art, musique et photographie","Beaux arts"
"ADOS > Apprendre > Histoire","Histoire internationale"
"ADOS > Apprendre > Informatique","Informatique"
"ADOS > Apprendre > Sciences","Sciences de la vie et de la terre"
"ADOS > BD ados > BD franco-belge","BD jeunesse"
"ADOS > BD ados > Comics","Comics et manga"
"ADOS > BD ados > Manga","Comics et manga"
"ADOS > Classiques ado > Biographie jeunesse","Documentaires jeunesse"
"ADOS > Classiques ado > Classique","Littérature jeunesse"
"ADOS > Classiques ado > Humour","Humour"
"ADOS > Classiques ado > Nouvelles","Littérature jeunesse"
"ADOS > Classiques ado > Poésie","Poésie"
"ADOS > Classiques ado > Religion","Religion jeunesse"
"ADOS > Classiques ado > Sport, loisirs et jeux","Loisirs et Jeux"
"ADOS > Classiques ado > Théâtre","Théâtre"
"ADOS > Classiques ado > Voyages","Guides touristiques Monde"
"ADOS > Classiques ado > Westerns","Littérature jeunesse"
"ADOS > Fantasy & Aventure > Chair de poule","Littérature jeunesse"
"ADOS > Fantasy & Aventure > Contes modernes","Littérature jeunesse"
"ADOS > Fantasy & Aventure > Fantastique","Science-fiction"
"ADOS > Fantasy & Aventure > Fantasy","Science-fiction"
"ADOS > Fantasy & Aventure > Heroic fantasy","Science-fiction"
"ADOS > Fantasy & Aventure > Histoires de fantômes","Littérature jeunesse"
"ADOS > Fantasy & Aventure > Loups-garous","Science-fiction"
"ADOS > Fantasy & Aventure > Magie & Sorcellerie","Science-fiction"
"ADOS > Fantasy & Aventure > Pirates","Littérature jeunesse"
"ADOS > Fantasy & Aventure > Récits de survie","Littérature jeunesse"
"ADOS > Fantasy & Aventure > Saga","Science-fiction"
"ADOS > Fantasy & Aventure > Super-héros","Comics et manga"
"ADOS > Fantasy & Aventure > Vampires","Science-fiction"
"ADOS > Fantasy & Aventure > Zombies","Science-fiction"
"ADOS > Fiction historique","Roman historique"
"ADOS > Mythologie","Histoire ancienne"
"ADOS > Romance ado > Comédie romantique","Littérature jeunesse"
"ADOS > Romance ado > Fantastique","Science-fiction"
"ADOS > Romance ado > Historique","Roman historique"
"ADOS > Science-fiction > Extraterrestres","Science-fiction"
"ADOS > Science-fiction > Uchronie","Science-fiction"
"ADOS > Science-fiction > Voyage dans le temps","Science-fiction"
"ADOS > Suspense > Policier ado","Policiers"
"ADOS > Suspense > Thriller ado","Policiers"
"ART & CULTURE > Arts > Architecture","Beaux arts"
"ART & CULTURE > Arts > Art automobile et autres véhicules","Beaux arts"
"ART & CULTURE > Arts > Art contemporain","Beaux arts"
"ART & CULTURE > Arts > Artistes","Beaux arts"
"ART & CULTURE > Arts > Arts du spectacle","Théâtre"
"ART & CULTURE > Arts > Autres supports et techniques","Beaux arts"
"ART & CULTURE > Arts > Cinéma","Cinéma"
"ART & CULTURE > Arts > Collections, catalogues et expositions","Beaux arts"
"ART & CULTURE > Arts > Conception graphique","Beaux arts"
"ART & CULTURE > Arts > Conservation et préservation de l'art","Beaux arts"
"ART & CULTURE > Arts > Design et arts décoratifs","Décoration"
"ART & CULTURE > Arts > Dessin","Beaux arts"
"ART & CULTURE > Arts > Étude et enseignement","Beaux arts"
"ART & CULTURE > Arts > Histoire et critique","Beaux arts"
"ART & CULTURE > Arts > Marché de l'art","Beaux arts"
"ART & CULTURE > Arts > Mode","Beaux arts"
"ART & CULTURE > Arts > Musique","Musique - danse"
"ART & CULTURE > Arts > Peinture","Beaux arts"
"ART & CULTURE > Arts > Photographie","Photographie"
"ART & CULTURE > Arts > Radio","Actualités et médias"
"ART & CULTURE > Arts > Sculpture","Beaux arts"
"ART & CULTURE > Arts > Télévision","Actualités et médias"
"ART & CULTURE > Économie","Économie"
"ART & CULTURE > Ésotérisme > Arts mantiques et divinatoires > Astrologie","Ésotérisme"
"ART & CULTURE > Ésotérisme > Arts mantiques et divinatoires > Canalisation","Ésotérisme"
"ART & CULTURE > Ésotérisme > Arts mantiques et divinatoires > Divination","Ésotérisme"
"ART & CULTURE > Ésotérisme > Arts mantiques et divinatoires > Yi King","Ésotérisme"
"ART & CULTURE > Ésotérisme > Mouvements ésotériques > Celtes et druidisme","Ésotérisme"
"ART & CULTURE > Ésotérisme > Mouvements ésotériques > Déités","Ésotérisme"
"ART & CULTURE > Ésotérisme > Mouvements ésotériques > Franc-maçonnerie et compagnonnage","Ésotérisme"
"ART & CULTURE > Ésotérisme > Mouvements ésotériques > Kabbale, gnose et occultisme","Ésotérisme"
"ART & CULTURE > Ésotérisme > Mouvements ésotériques > New Age","Ésotérisme"
"ART & CULTURE > Ésotérisme > Mouvements ésotériques > Spiritualism","Ésotérisme"
"ART & CULTURE > Ésotérisme > Mouvements ésotériques > Théosophie","Ésotérisme"
"ART & CULTURE > Ésotérisme > Mouvements ésotériques > Vaudou, chamanisme et animisme","Ésotérisme"
"ART & CULTURE > Ésotérisme > Mouvements ésotériques > Wicca, sorcellerie et paganisme","Ésotérisme"
"ART & CULTURE > Ésotérisme > Paranormal et parapsychologie > Atlantide, pyramides et grandes énigmes","Ésotérisme"
"ART & CULTURE > Ésotérisme > Paranormal et parapsychologie > Extraterrestres et ovnis","Ésotérisme"
"ART & CULTURE > Ésotérisme > Paranormal et parapsychologie > Rose-Croix, Cathares et Templiers","Ésotérisme"
"ART & CULTURE > Ésotérisme > Paranormal et parapsychologie > Vampires, fantômes, fées et autres créatures","Ésotérisme"
"ART & CULTURE > Ésotérisme > Spiritualité et éveil personnel > Chakras","Développement personnel - Sagesse orientale"
"ART & CULTURE > Ésotérisme > Spiritualité et éveil personnel > Guérison mentale et spirituelle","Développement personnel - Sagesse orientale"
"ART & CULTURE > Ésotérisme > Spiritualité et éveil personnel > Méditation","Développement personnel - Sagesse orientale"
"ART & CULTURE > Ésotérisme > Spiritualité et éveil personnel > Mysticisme","Ésotérisme"
"ART & CULTURE > Ésotérisme > Spiritualité et éveil personnel > Réincarnation","Ésotérisme"
"ART & CULTURE > Ésotérisme > Spiritualité et éveil personnel > Sexualité sacrée","Ésotérisme"
"ART & CULTURE > Ésotérisme > Spiritualité et éveil personnel > Urantia","Ésotérisme"
"ART & CULTURE > Ésotérisme > Vie et mort","Ésotérisme"
"ART & CULTURE > Histoire > Antiquité et mythologies > Asie","Histoire ancienne"
"ART & CULTURE > Histoire > Antiquité et mythologies > Carthage","Histoire ancienne"
"ART & CULTURE > Histoire > Antiquité et mythologies > Égypte","Histoire ancienne"
"ART & CULTURE > Histoire > Antiquité et mythologies > Étrurie","Histoire ancienne"
"ART & CULTURE > Histoire > Antiquité et mythologies > Gaule","Histoire ancienne"
"ART & CULTURE > Histoire > Antiquité et mythologies > Grèce","Histoire ancienne"
"ART & CULTURE > Histoire > Antiquité et mythologies > Invasions barbares","Histoire ancienne"
"ART & CULTURE > Histoire > Antiquité et mythologies > Monde celtique","Histoire ancienne"
"ART & CULTURE > Histoire > Antiquité et mythologies > Mythes et mythologies","Histoire ancienne"
"ART & CULTURE > Histoire > Antiquité et mythologies > Phénicie","Histoire ancienne"
"ART & CULTURE > Histoire > Antiquité et mythologies > Proche et Moyen-Orient","Histoire ancienne"
"ART & CULTURE > Histoire > Antiquité et mythologies > Rome","Histoire ancienne"
"ART & CULTURE > Histoire > Atlas","Géographie"
"ART & CULTURE > Histoire > Biographies","Histoire internationale"
"ART & CULTURE > Histoire > Colonisation","Histoire internationale"
"ART & CULTURE > Histoire > Esclavage","Histoire internationale"
"ART & CULTURE > Histoire > Généalogie et archéologie","Histoire internationale"
"ART & CULTURE > Histoire > Histoire de France > Actualité politique","Sciences politiques"
"ART & CULTURE > Histoire > Histoire de France > Gaule et Empire romain","Histoire de France"
"ART & CULTURE > Histoire > Histoire de France > Guerre d'Algérie","Histoire de France"
"ART & CULTURE > Histoire > Histoire de France > Guerre de 1870","Histoire de France"
"ART & CULTURE > Histoire > Histoire de France > Ier Empire","Histoire de France"
"ART & CULTURE > Histoire > Histoire de France > IIe République et IIe Empire","Histoire de France"
"ART & CULTURE > Histoire > Histoire de France > IIIe République","Histoire de France"
"ART & CULTURE > Histoire > Histoire de France > IVe République","Histoire de France"
"ART & CULTURE > Histoire > Histoire de France > Moyen Âge","Histoire de France"
"ART & CULTURE > Histoire > Histoire de France > Première Guerre mondiale","Histoire de France"
"ART & CULTURE > Histoire > Histoire de France > Renaissance - XVIIIe siècle","Histoire de France"
"ART & CULTURE > Histoire > Histoire de France > Révolution","Histoire de France"
"ART & CULTURE > Histoire > Histoire de France > Seconde Guerre mondiale","Histoire de France"
"ART & CULTURE > Histoire > Histoire de France > Ve République","Histoire de France"
"ART & CULTURE > Histoire > Invasions et empires","Histoire internationale"
"ART & CULTURE > Histoire > Les guerres du XXème siècle","Histoire internationale"
"ART & CULTURE > Histoire > Monde > Afrique","Histoire internationale"
"ART & CULTURE > Histoire > Monde > Amériques","Histoire internationale"
"ART & CULTURE > Histoire > Monde > Asie","Histoire internationale"
"ART & CULTURE > Histoire > Monde > Europe","Histoire internationale"
"ART & CULTURE > Histoire > Monde > Océanie et pôles","Histoire internationale"
"ART & CULTURE > Histoire > Monde > Pays","Histoire internationale"
"ART & CULTURE > Histoire > Moyen Âge","Histoire internationale"
"ART & CULTURE > Histoire > Préhistoire","Histoire ancienne"
"ART & CULTURE > Histoire > Renaissance - XVIIIe siècle","Histoire internationale"
"ART & CULTURE > Histoire > XIXe siècle","Histoire internationale"
"ART & CULTURE > Philosophie & Sciences humaines > Essais","Philosophie"
"ART & CULTURE > Philosophie & Sciences humaines > Ethnologie et anthropologie","Ethnologie"
"ART & CULTURE > Philosophie & Sciences humaines > Géographie et urbanisme","Géographie"
"ART & CULTURE > Philosophie & Sciences humaines > Linguistique","Dictionnaire de français"
"ART & CULTURE > Philosophie & Sciences humaines > Philosophie","Philosophie"
"ART & CULTURE > Philosophie & Sciences humaines > Sociologie","Sociologie"
"ART & CULTURE > Politique et actualités > Actualité","Actualités et médias"
"ART & CULTURE > Politique et actualités > Géopolitique","Sciences politiques"
"ART & CULTURE > Politique et actualités > Médias","Actualités et médias"
"ART & CULTURE > Politique et actualités > Politique","Sciences politiques"
"ART & CULTURE > Politique et actualités > Société > Addictions","Faits de société"
"ART & CULTURE > Politique et actualités > Société > Anorexie et boulimie","Faits de société"
"ART & CULTURE > Politique et actualités > Société > Conflits","Faits de société"
"ART & CULTURE > Politique et actualités > Société > Culture","Faits de société"
"ART & CULTURE > Politique et actualités > Société > Délinquance","Faits de société"
"ART & CULTURE > Politique et actualités > Société > Dépression","Psychologie pratique"
"ART & CULTURE > Politique et actualités > Société > Euthanasie","Faits de société"
"ART & CULTURE > Politique et actualités > Société > Famille","Couple - Famille"
"ART & CULTURE > Politique et actualités > Société > Immigration","Faits de société"
"ART & CULTURE > Politique et actualités > Société > Manipulation","Psychologie pratique"
"ART & CULTURE > Politique et actualités > Société > Opinion publique","Faits de société"
"ART & CULTURE > Politique et actualités > Société > Personnes âgées","Faits de société"
"ART & CULTURE > Politique et actualités > Société > Société française","Faits de société"
"ART & CULTURE > Politique et actualités > Société > Terrorisme","Faits de société"
"ART & CULTURE > Politique et actualités > Société > Travail","Faits de société"
"ART & CULTURE > Politique et actualités > Société > Violence","Faits de société"
"ART & CULTURE > Politique et actualités > Urbanisme","Géographie"
"ART & CULTURE > Psychologie","Psychologie - Psychanalyse"
"ART & CULTURE > Religions > Art religieux","Religion"
"ART & CULTURE > Religions > Bible","Religion"
"ART & CULTURE > Religions > Bouddhisme","Religion"
"ART & CULTURE > Religions > Catholicisme","Religion"
"ART & CULTURE > Religions > Christianisme","Religion"
"ART & CULTURE > Religions > Cultures et religions","Religion"
"ART & CULTURE > Religions > Dialogue interreligieux","Religion"
"ART & CULTURE > Religions > Dictionnaires et encyclopédies","Religion"
"ART & CULTURE > Religions > Egypte et le Livre des Morts","Religion"
"ART & CULTURE > Religions > Exégèse","Religion"
"ART & CULTURE > Religions > Feng-Shui","Développement personnel - Sagesse orientale"
"ART & CULTURE > Religions > Hindouisme","Religion"
"ART & CULTURE > Religions > Histoire des religions","Religion"
"ART & CULTURE > Religions > Islam","Religion"
"ART & CULTURE > Religions > Judaïsme","Religion"
"ART & CULTURE > Religions > Orthodoxie et Églises d'Orient","Religion"
"ART & CULTURE > Religions > Protestantisme","Religion"
"ART & CULTURE > Religions > Religion et société","Religion"
"ART & CULTURE > Religions > Sagesses orientales","Développement personnel - Sagesse orientale"
"ART & CULTURE > Religions > Shinto","Religion"
"ART & CULTURE > Religions > Taoïsme et Confucianisme","Religion"
"ART & CULTURE > Religions > Théologie","Religion"
"BANDE DESSINÉE > BD > BD adulte","BD tout public"
"BANDE DESSINÉE > BD > BD aventure","BD tout public"
"BANDE DESSINÉE > BD > BD classiques","BD tout public"
"BANDE DESSINÉE > BD > BD fantastique","BD tout public"
"BANDE DESSINÉE > BD > BD historique","BD tout public"
"BANDE DESSINÉE > BD > BD humour","BD tout public"
"BANDE DESSINÉE > BD > BD policière","BD tout public"
"BANDE DESSINÉE > BD > BD SF","BD tout public"
"BANDE DESSINÉE > BD > BD western","BD tout public"
"BANDE DESSINÉE > BD > Études BD","BD tout public"
"BANDE DESSINÉE > BD > Romans graphiques","BD tout public"
"BANDE DESSINÉE > BD franco-belge","BD tout public"
"BANDE DESSINÉE > Comics","Comics et manga"
"BANDE DESSINÉE > Humour > Blagues","Humour"
"BANDE DESSINÉE > Humour > Dessins de presse","Humour"
"BANDE DESSINÉE > Humour > Humour coquin","Humour"
"BANDE DESSINÉE > Humour > Humour famille","Humour"
"BANDE DESSINÉE > Humour > Humoristes","Humour"
"BANDE DESSINÉE > Humour > Satire","Humour"
"BANDE DESSINÉE > Mangas européens","Comics et manga"
"BANDE DESSINÉE > Webcomics","BD tout public"
"BIEN-ÊTRE & VIE PRATIQUE > Calendriers et Agendas","Loisirs et Jeux"
"BIEN-ÊTRE & VIE PRATIQUE > Cuisine > Apprendre à cuisiner","Art culinaire - Oenologie"
"BIEN-ÊTRE & VIE PRATIQUE > Cuisine > Café & Thé","Art culinaire - Oenologie"
"BIEN-ÊTRE & VIE PRATIQUE > Cuisine > Chef célèbre","Art culinaire - Oenologie"
"BIEN-ÊTRE & VIE PRATIQUE > Cuisine > Cocktails","Art culinaire - Oenologie"
"BIEN-ÊTRE & VIE PRATIQUE > Cuisine > Cuisine enfant","Art culinaire - Oenologie"
"BIEN-ÊTRE & VIE PRATIQUE > Cuisine > Cuisine facile","Art culinaire - Oenologie"
"BIEN-ÊTRE & VIE PRATIQUE > Cuisine > Cuisine française","Art culinaire - Oenologie"
"BIEN-ÊTRE & VIE PRATIQUE > Cuisine > Cuisine saison","Art culinaire - Oenologie"
"BIEN-ÊTRE & VIE PRATIQUE > Cuisine > Cuisines du monde","Art culinaire - Oenologie"
"BIEN-ÊTRE & VIE PRATIQUE > Cuisine > Desserts","Art culinaire - Oenologie"
"BIEN-ÊTRE & VIE PRATIQUE > Cuisine > Entrées","Art culinaire - Oenologie"
"BIEN-ÊTRE & VIE PRATIQUE > Cuisine > Fromages","Art culinaire - Oenologie"
"BIEN-ÊTRE & VIE PRATIQUE > Cuisine > Gastronomie","Art culinaire - Oenologie"
"BIEN-ÊTRE & VIE PRATIQUE > Cuisine > Légumes","Art culinaire - Oenologie"
"BIEN-ÊTRE & VIE PRATIQUE > Cuisine > Pâtes","Art culinaire - Oenologie"
"BIEN-ÊTRE & VIE PRATIQUE > Cuisine > Pâtisserie","Art culinaire - Oenologie"
"BIEN-ÊTRE & VIE PRATIQUE > Cuisine > Poisson","Art culinaire - Oenologie"
"BIEN-ÊTRE & VIE PRATIQUE > Cuisine > Recevoir","Art culinaire - Oenologie"
"BIEN-ÊTRE & VIE PRATIQUE > Cuisine > Régime","Art culinaire - Oenologie"
"BIEN-ÊTRE & VIE PRATIQUE > Cuisine > Sauces","Art culinaire - Oenologie"
"BIEN-ÊTRE & VIE PRATIQUE > Cuisine > Végétarien","Art culinaire - Oenologie"
"BIEN-ÊTRE & VIE PRATIQUE > Cuisine > Viande","Art culinaire - Oenologie"
"BIEN-ÊTRE & VIE PRATIQUE > Cuisine > Vins","Art culinaire - Oenologie"
"BIEN-ÊTRE & VIE PRATIQUE > Développement personnel","Développement personnel"
"BIEN-ÊTRE & VIE PRATIQUE > Érotisme > BDSM","Littérature étrangère"
"BIEN-ÊTRE & VIE PRATIQUE > Érotisme > Guide sexe","Psychologie pratique"
"BIEN-ÊTRE & VIE PRATIQUE > Érotisme > Kama Sutra","Psychologie pratique"
"BIEN-ÊTRE & VIE PRATIQUE > Érotisme > LGBT+","Faits de société"
"BIEN-ÊTRE & VIE PRATIQUE > Érotisme > Littérature érotique","Littérature française"
"BIEN-ÊTRE & VIE PRATIQUE > Érotisme > Photo érotique","Photographie"
"BIEN-ÊTRE & VIE PRATIQUE > Parentalité","Couple - Famille"
"BIEN-ÊTRE & VIE PRATIQUE > Santé","Santé"
"BIEN-ÊTRE & VIE PRATIQUE > Sexualité","Psychologie pratique"
"ENFANTS > Activités et jeux > Créativité","Loisirs créatifs jeunesse"
"ENFANTS > Activités et jeux > Fêtes","Loisirs créatifs jeunesse"
"ENFANTS > Albums illustrés","Album jeunesse"
"ENFANTS > Albums jeunesse vintage","Album jeunesse"
"ENFANTS > Animaux > Animaux de la ferme","Animaux/Nature"
"ENFANTS > Animaux > Animaux domestiques","Animaux/Nature"
"ENFANTS > Animaux > Animaux sauvages","Animaux/Nature"
"ENFANTS > Animaux > Bébés animaux","Animaux/Nature"
"ENFANTS > Animaux > Chevaux","Animaux/Nature"
"ENFANTS > Animaux > Dinosaures","Animaux/Nature"
"ENFANTS > Animaux > Oiseaux","Animaux/Nature"
"ENFANTS > Animaux > Ours","Animaux/Nature"
"ENFANTS > Animaux > Petites bêtes","Animaux/Nature"
"ENFANTS > Animaux > Vie marine","Animaux/Nature"
"ENFANTS > BD enfants","BD jeunesse"
"ENFANTS > Contes et légendes > Chevaliers et châteaux","Littérature jeunesse"
"ENFANTS > Contes et légendes > Contes du monde","Littérature jeunesse"
"ENFANTS > Contes et légendes > Créatures fantastiques","Littérature jeunesse"
"ENFANTS > Contes et légendes > Mythologie","Littérature jeunesse"
"ENFANTS > Contes et légendes > Sirènes","Littérature jeunesse"
"ENFANTS > Découvertes et sciences > Apprendre","Documentaires jeunesse"
"ENFANTS > Découvertes et sciences > Corps humain","Documentaires jeunesse"
"ENFANTS > Découvertes et sciences > Espace","Documentaires jeunesse"
"ENFANTS > Découvertes et sciences > Géographie","Documentaires jeunesse"
"ENFANTS > Découvertes et sciences > Histoire","Documentaires jeunesse"
"ENFANTS > Découvertes et sciences > Inventions","Documentaires jeunesse"
"ENFANTS > Découvertes et sciences > Nature & Écologie","Animaux/Nature"
"ENFANTS > Découvertes et sciences > Numérique","Documentaires jeunesse"
"ENFANTS > Découvertes et sciences > Sports","Documentaires jeunesse"
"ENFANTS > Découvertes et sciences > Véhicules","Documentaires jeunesse"
"ENFANTS > Documentaires","Documentaires jeunesse"
"ENFANTS > Émotions et confiance","Littérature jeunesse"
"ENFANTS > Histoires et contes > Aventures","Littérature jeunesse"
"ENFANTS > Histoires et contes > Enquêtes","Littérature jeunesse"
"ENFANTS > Histoires et contes > Fantastique enfant","Littérature jeunesse"
"ENFANTS > Histoires et contes > Poésie enfantine","Littérature jeunesse"
"ENFANTS > Histoires et contes > Premières lectures","Littérature jeunesse"
"ENFANTS > Licences & Personnages","Littérature jeunesse"
"ENFANTS > Livres d'autocollants","Loisirs créatifs jeunesse"
"ENFANTS > Livres scolaires primaire","Primaire parascolaire"
"ENFANTS > Livres sonores","Album jeunesse"
"ENFANTS > Tout-petits > 5 sens","Albums 0/6 ans"
"ENFANTS > Tout-petits > Comptines","Albums 0/6 ans"
"ENFANTS > Tout-petits > Corps humain","Albums 0/6 ans"
"ENFANTS > Tout-petits > Couleurs","Albums 0/6 ans"
"ENFANTS > Tout-petits > Formes","Albums 0/6 ans"
"ENFANTS > Tout-petits > Lettres","Albums 0/6 ans"
"ENFANTS > Tout-petits > Nombres","Albums 0/6 ans"
"ENFANTS > Tout-petits > Premiers mots","Albums 0/6 ans"
"ENFANTS > Tout-petits > Saisons","Albums 0/6 ans"
"JEUNES ADULTES > BD jeunes adultes","BD tout public"
"JEUNES ADULTES > Bien-être & Spiritualité","Développement personnel"
"JEUNES ADULTES > Classiques jeunes adultes","Littérature française"
"JEUNES ADULTES > Dystopie > Space opera","Science-fiction"
"JEUNES ADULTES > Dystopie > Steampunk","Science-fiction"
"JEUNES ADULTES > Fantastique urbain","Science-fiction"
"JEUNES ADULTES > Grandir","Développement personnel"
"JEUNES ADULTES > Puberté","Développement personnel"
"JEUNES ADULTES > Réalisme social","Littérature française"
"JEUNES ADULTES > Romance > LGBT","Littérature française"
"JEUNES ADULTES > Romance > Paranormale","Science-fiction"
"JEUNES ADULTES > Romance > Romance Contemporaine","Littérature française"
"JEUNES ADULTES > Romance > Romance dystopique","Science-fiction"
"JEUNES ADULTES > Santé mentale","Psychologie pratique"
"JEUNES ADULTES > Sexualité","Psychologie pratique"
"LITTÉRATURE > Folio/Poche","Poches littérature française"
"LITTÉRATURE > Pléiade","Pléiade"
"LITTÉRATURE > Romance > Dark romance","Littérature française"
"LITTÉRATURE > Romance > Feel good","Littérature française"
"LITTÉRATURE > Romance > LGBT","Littérature française"
"LITTÉRATURE > Romance > New Romance","Littérature française"
"LITTÉRATURE > Romance > Roman érotique","Littérature française"
"LITTÉRATURE > Romance > Romance contemporaine","Littérature française"
"LITTÉRATURE > Romance > Romance historique","Poches historiques et sentimentaux"
"LITTÉRATURE > Romance > Romance paranormale","Science-fiction"
"LITTÉRATURE > Romance > Romantasy","Science-fiction"
"LITTÉRATURE > Romans > Biographies","Littérature française"
"LITTÉRATURE > Romans > Humour","Humour"
"LITTÉRATURE > Romans > Récit de voyage","Récits de voyages"
"LITTÉRATURE > Romans > Romans africains","Littérature étrangère"
"LITTÉRATURE > Romans > Romans allemands","Littérature étrangère"
"LITTÉRATURE > Romans > Romans anglais","Littérature étrangère"
"LITTÉRATURE > Romans > Romans asiatiques","Littérature étrangère"
"LITTÉRATURE > Romans > Romans du terroir","Régionalisme"
"LITTÉRATURE > Romans > Romans espagnols","Littérature étrangère"
"LITTÉRATURE > Romans > Romans français","Littérature française"
"LITTÉRATURE > Romans > Romans historiques","Roman historique"
"LITTÉRATURE > Romans > Romans italiens","Littérature étrangère"
"LITTÉRATURE > Romans > Romans portugais","Littérature étrangère"
"LITTÉRATURE > Romans > Romans russes","Littérature étrangère"
"LITTÉRATURE > Théâtre & Poésie > Antiquité","Théâtre"
"LITTÉRATURE > Théâtre & Poésie > Essai","Critique littéraire"
"LITTÉRATURE > Théâtre & Poésie > Moyen Âge","Théâtre"
"LITTÉRATURE > Théâtre & Poésie > Poésie","Poésie"
"LITTÉRATURE > Théâtre & Poésie > Théâtre","Théâtre"
"LITTÉRATURE > Thriller > Cosy mystery","Policiers"
"LITTÉRATURE > Thriller > Polar historique","Policiers"
"LITTÉRATURE > Thriller > Policier féminin","Policiers"
"LITTÉRATURE > Thriller > Roman noir","Policiers"
"LITTÉRATURE > Thriller > Roman policier","Policiers"
"LITTÉRATURE > Thriller > Thriller","Policiers"
"LOISIRS & VOYAGES > Bricolage > Décoration intérieure","Décoration"
"LOISIRS & VOYAGES > Bricolage > Électricité","Technologie"
"LOISIRS & VOYAGES > Bricolage > Menuiserie","Technologie"
"LOISIRS & VOYAGES > Bricolage > Plomberie","Technologie"
"LOISIRS & VOYAGES > Bricolage > Travaux maison","Décoration"
"LOISIRS & VOYAGES > Collections","Loisirs et Jeux"
"LOISIRS & VOYAGES > Jardinage > Arbres et arbustes","Jardinage"
"LOISIRS & VOYAGES > Jardinage > Jardin d'ornement","Jardinage"
"LOISIRS & VOYAGES > Jardinage > Jardinage bio","Jardinage"
"LOISIRS & VOYAGES > Jardinage > Potager","Jardinage"
"LOISIRS & VOYAGES > Jeux > Échecs","Loisirs et Jeux"
"LOISIRS & VOYAGES > Jeux > Jeux de cartes","Loisirs et Jeux"
"LOISIRS & VOYAGES > Jeux > Jeux de société","Loisirs et Jeux"
"LOISIRS & VOYAGES > Jeux > Puzzles","Loisirs et Jeux"
"LOISIRS & VOYAGES > Loisirs créatifs > Couture et tricot","Loisirs"
"LOISIRS & VOYAGES > Loisirs créatifs > Création bijoux","Loisirs"
"LOISIRS & VOYAGES > Loisirs créatifs > DIY déco","Décoration"
"LOISIRS & VOYAGES > Loisirs créatifs > Peinture et dessin","Techniques artistiques"
"LOISIRS & VOYAGES > Loisirs créatifs > Poterie et céramique","Techniques artistiques"
"LOISIRS & VOYAGES > Loisirs créatifs > Scrapbooking","Loisirs"
"LOISIRS & VOYAGES > Loisirs créatifs > Travail du bois","Loisirs"
"LOISIRS & VOYAGES > Nature > Animaux","Animaux/Nature"
"LOISIRS & VOYAGES > Nature > Environnement","Développement Durable - Ecologie"
"LOISIRS & VOYAGES > Nature > Montagne","Montagne"
"LOISIRS & VOYAGES > Nature > Oiseaux","Animaux/Nature"
"LOISIRS & VOYAGES > Nature > Plantes et fleurs","Jardinage"
"LOISIRS & VOYAGES > Sports > Arts martiaux","Sports"
"LOISIRS & VOYAGES > Sports > Basketball","Sports"
"LOISIRS & VOYAGES > Sports > Cyclisme","Sports"
"LOISIRS & VOYAGES > Sports > Équitation","Sports"
"LOISIRS & VOYAGES > Sports > Fitness et musculation","Sports"
"LOISIRS & VOYAGES > Sports > Football","Sports"
"LOISIRS & VOYAGES > Sports > Golf","Sports"
"LOISIRS & VOYAGES > Sports > Pêche et chasse","Sports"
"LOISIRS & VOYAGES > Sports > Rugby","Sports"
"LOISIRS & VOYAGES > Sports > Sports aériens","Sports"
"LOISIRS & VOYAGES > Sports > Sports d'hiver","Sports"
"LOISIRS & VOYAGES > Sports > Sports mécaniques","Sports"
"LOISIRS & VOYAGES > Sports > Sports nautiques","Sports"
"LOISIRS & VOYAGES > Sports > Tennis et sports raquette","Sports"
"LOISIRS & VOYAGES > Sports > Yoga","Sports"
"LOISIRS & VOYAGES > Voyage > Beaux livres voyage","Guides touristiques Monde"
"LOISIRS & VOYAGES > Voyage > Cartes routières","Carte hors France"
"LOISIRS & VOYAGES > Voyage > Croisières","Guides touristiques Monde"
"LOISIRS & VOYAGES > Voyage > Guide Europe","Guides touristiques Monde"
"LOISIRS & VOYAGES > Voyage > Guide France","Guides touristiques France"
"LOISIRS & VOYAGES > Voyage > Guide Monde","Guides touristiques Monde"
"LOISIRS & VOYAGES > Voyage > Récits de voyages","Récits de voyages"
"LOISIRS & VOYAGES > Voyage > Tourisme aventure","Guides touristiques Monde"
"MANGA > Artbook","Comics et manga"
"MANGA > Hentai","Comics et manga"
"MANGA > Isekai","Comics et manga"
"MANGA > Josei - Femmes","Comics et manga"
"MANGA > Light Novel","Comics et manga"
"MANGA > Manga humour","Comics et manga"
"MANGA > Mecha","Comics et manga"
"MANGA > Seinen - Adulte","Comics et manga"
"MANGA > Shōjo - Romance","Comics et manga"
"MANGA > Shōnen - Action","Comics et manga"
"MANGA > Slice of life","Comics et manga"
"MANGA > Sport","Comics et manga"
"MANGA > Thriller & Horreur","Comics et manga"
"MANGA > Webtoon","Comics et manga"
"MANGA > Yaoi & Yuri","Comics et manga"
"SAVOIRS > Agriculture","Technologie"
"SAVOIRS > Biologie > Anatomie","Sciences de la vie et de la terre"
"SAVOIRS > Biologie > Biochimie","Sciences de la vie et de la terre"
"SAVOIRS > Biologie > Biologie","Sciences de la vie et de la terre"
"SAVOIRS > Biologie > Biologie animale","Sciences de la vie et de la terre"
"SAVOIRS > Biologie > Biologie cellulaire","Sciences de la vie et de la terre"
"SAVOIRS > Biologie > Biologie moléculaire","Sciences de la vie et de la terre"
"SAVOIRS > Biologie > Biologie végétale","Sciences de la vie et de la terre"
"SAVOIRS > Biologie > Biostatistique","Sciences de la vie et de la terre"
"SAVOIRS > Biologie > Botanique","Sciences de la vie et de la terre"
"SAVOIRS > Biologie > Écologie","Sciences de la vie et de la terre"
"SAVOIRS > Biologie > Entomologie","Sciences de la vie et de la terre"
"SAVOIRS > Biologie > Évolution","Sciences de la vie et de la terre"
"SAVOIRS > Biologie > Génétique","Sciences de la vie et de la terre"
"SAVOIRS > Biologie > Immunologie","Sciences de la vie et de la terre"
"SAVOIRS > Biologie > Microbiologie","Sciences de la vie et de la terre"
"SAVOIRS > Biologie > Neurobiologie","Sciences de la vie et de la terre"
"SAVOIRS > Biologie > Paléontologie","Sciences de la vie et de la terre"
"SAVOIRS > Biologie > Physiologie","Sciences de la vie et de la terre"
"SAVOIRS > Biologie > Zoologie","Sciences de la vie et de la terre"
"SAVOIRS > BTP","Technologie"
"SAVOIRS > Business > Carrière","Gestion"
"SAVOIRS > Business > Communication","Gestion"
"SAVOIRS > Business > Économie","Économie"
"SAVOIRS > Business > Finance","Économie"
"SAVOIRS > Business > Gestion","Gestion"
"SAVOIRS > Business > IT Business","Informatique"
"SAVOIRS > Business > Management","Gestion"
"SAVOIRS > Business > Marketing","Gestion"
"SAVOIRS > Business > PME","Gestion"
"SAVOIRS > Business > Secteurs","Économie"
"SAVOIRS > Business > Stratégie","Gestion"
"SAVOIRS > Chimie","Physique - Chimie"
"SAVOIRS > Droit > Codes","Droit"
"SAVOIRS > Droit > Dictionnaire juridique","Droit"
"SAVOIRS > Droit > Droit civil","Droit"
"SAVOIRS > Droit > Droit des affaires","Droit"
"SAVOIRS > Droit > Droit des femmes","Droit"
"SAVOIRS > Droit > Droit du travail","Droit"
"SAVOIRS > Droit > Droit international","Droit"
"SAVOIRS > Droit > Droit pénal","Droit"
"SAVOIRS > Droit > Droit pratique","Droit"
"SAVOIRS > Droit > Droit privé","Droit"
"SAVOIRS > Droit > Droit public","Droit"
"SAVOIRS > Droit > Histoire du droit","Droit"
"SAVOIRS > Droit > Institutions","Droit"
"SAVOIRS > Droit > Métiers du droit","Droit"
"SAVOIRS > Industrie","Technologie"
"SAVOIRS > Informatique > Bureautique","Informatique"
"SAVOIRS > Informatique > Certifications","Informatique"
"SAVOIRS > Informatique > Cyberculture","Informatique"
"SAVOIRS > Informatique > Cybersécurité","Informatique"
"SAVOIRS > Informatique > Database","Informatique"
"SAVOIRS > Informatique > Dictionnaire informatique","Informatique"
"SAVOIRS > Informatique > Graphisme","Informatique"
"SAVOIRS > Informatique > Hardware","Informatique"
"SAVOIRS > Informatique > IA","Informatique"
"SAVOIRS > Informatique > Internet","Informatique"
"SAVOIRS > Informatique > Jeux vidéo","Informatique"
"SAVOIRS > Informatique > Linux","Informatique"
"SAVOIRS > Informatique > OS","Informatique"
"SAVOIRS > Informatique > Programmation","Informatique"
"SAVOIRS > Informatique > Réseaux","Informatique"
"SAVOIRS > Langues > Apprendre une langue","Français langue étrangère"
"SAVOIRS > Langues > Atlas","Géographie"
"SAVOIRS > Langues > Dictionnaires techniques","Dictionnaire de français"
"SAVOIRS > Langues > Écriture","Critique littéraire"
"SAVOIRS > Langues > Encyclopédie","Encyclopédie de poche"
"SAVOIRS > Langues > FLE","Français langue étrangère"
"SAVOIRS > Langues > Langue française","Dictionnaire de français"
"SAVOIRS > Langues > Langues régionales de France","Langues rares"
"SAVOIRS > Livres universitaires","Enseignement secondaire 2e cycle"
"SAVOIRS > Manuels techniques années précédentes","Technique parascolaire"
"SAVOIRS > Mathématiques > Algèbre","Mathématiques"
"SAVOIRS > Mathématiques > Algèbre linéaire","Mathématiques"
"SAVOIRS > Mathématiques > Analyse","Mathématiques"
"SAVOIRS > Mathématiques > Calcul différentiel","Mathématiques"
"SAVOIRS > Mathématiques > Calcul intégral","Mathématiques"
"SAVOIRS > Mathématiques > Géométrie","Mathématiques"
"SAVOIRS > Mathématiques > Logique","Mathématiques"
"SAVOIRS > Mathématiques > Prépa maths","Mathématiques"
"SAVOIRS > Mathématiques > Probabilités","Mathématiques"
"SAVOIRS > Mathématiques > Statistiques","Mathématiques"
"SAVOIRS > Mathématiques > Topologie","Mathématiques"
"SAVOIRS > Médecine > Dictionnaire médical","Généralités médicales"
"SAVOIRS > Médecine > Éthique médicale","Généralités médicales"
"SAVOIRS > Médecine > Médecine douce > Acupuncture","Autres Médecines"
"SAVOIRS > Médecine > Médecine douce > Aromathérapie","Autres Médecines"
"SAVOIRS > Médecine > Médecine douce > Ayurveda","Autres Médecines"
"SAVOIRS > Médecine > Médecine douce > Chiropraxie","Autres Médecines"
"SAVOIRS > Médecine > Médecine douce > Guérison","Autres Médecines"
"SAVOIRS > Médecine > Médecine douce > Holistique","Autres Médecines"
"SAVOIRS > Médecine > Médecine douce > Homéopathie","Autres Médecines"
"SAVOIRS > Médecine > Médecine douce > Hypnothérapie","Autres Médecines"
"SAVOIRS > Médecine > Médecine douce > Massages","Autres Médecines"
"SAVOIRS > Médecine > Médecine douce > Médecine du corps et de l'esprit","Autres Médecines"
"SAVOIRS > Médecine > Médecine douce > Médecine orientale","Autres Médecines"
"SAVOIRS > Médecine > Médecine douce > Méditation","Autres Médecines"
"SAVOIRS > Médecine > Médecine douce > Musicothérapie","Autres Médecines"
"SAVOIRS > Médecine > Médecine douce > Naturopathie","Autres Médecines"
"SAVOIRS > Médecine > Médecine douce > Oligothérapie","Autres Médecines"
"SAVOIRS > Médecine > Médecine douce > Ostéopathie","Autres Médecines"
"SAVOIRS > Médecine > Médecine douce > Phytothérapie","Autres Médecines"
"SAVOIRS > Médecine > Médecine douce > Vitamines et compléments","Autres Médecines"
"SAVOIRS > Médecine > Paramédical > Aide-soignant","Paramédical"
"SAVOIRS > Médecine > Paramédical > Ergothérapie","Paramédical"
"SAVOIRS > Médecine > Paramédical > Infirmier","Paramédical"
"SAVOIRS > Médecine > Paramédical > Kinésithérapie","Paramédical"
"SAVOIRS > Médecine > Paramédical > Orthophonie","Paramédical"
"SAVOIRS > Médecine > Paramédical > Podologie","Paramédical"
"SAVOIRS > Médecine > Paramédical > Préparateur pharmacie","Paramédical"
"SAVOIRS > Médecine > Paramédical > Psychomotricité","Paramédical"
"SAVOIRS > Médecine > Paramédical > Puériculture","Paramédical"
"SAVOIRS > Médecine > Paramédical > Sage-femme","Paramédical"
"SAVOIRS > Médecine > Santé publique","Généralités médicales"
"SAVOIRS > Médecine > Sciences fondamentales > Anatomie","Sciences PCEM"
"SAVOIRS > Médecine > Sciences fondamentales > Biochimie","Sciences PCEM"
"SAVOIRS > Médecine > Sciences fondamentales > Biologie","Sciences PCEM"
"SAVOIRS > Médecine > Sciences fondamentales > Génétique","Sciences PCEM"
"SAVOIRS > Médecine > Sciences fondamentales > Immunologie","Sciences PCEM"
"SAVOIRS > Médecine > Sciences fondamentales > Microbiologie","Sciences PCEM"
"SAVOIRS > Médecine > Sciences fondamentales > Physiologie","Sciences PCEM"
"SAVOIRS > Médecine > Spécialités médicales > Anesthésie - Réanimation","Spécialités médicales"
"SAVOIRS > Médecine > Spécialités médicales > Cancérologie","Spécialités médicales"
"SAVOIRS > Médecine > Spécialités médicales > Cardiologie","Spécialités médicales"
"SAVOIRS > Médecine > Spécialités médicales > Chirurgie","Spécialités médicales"
"SAVOIRS > Médecine > Spécialités médicales > Dentaire","Dentaire"
"SAVOIRS > Médecine > Spécialités médicales > Dermatologie","Spécialités médicales"
"SAVOIRS > Médecine > Spécialités médicales > Endocrinologie","Spécialités médicales"
"SAVOIRS > Médecine > Spécialités médicales > Gastro","Spécialités médicales"
"SAVOIRS > Médecine > Spécialités médicales > Gérontologie","Spécialités médicales"
"SAVOIRS > Médecine > Spécialités médicales > Gynécologie","Spécialités médicales"
"SAVOIRS > Médecine > Spécialités médicales > Médecine du sport","Spécialités médicales"
"SAVOIRS > Médecine > Spécialités médicales > Médecine générale","Généralités médicales"
"SAVOIRS > Médecine > Spécialités médicales > Médecine interne","Spécialités médicales"
"SAVOIRS > Médecine > Spécialités médicales > Médecine légale","Spécialités médicales"
"SAVOIRS > Médecine > Spécialités médicales > Neurologie","Spécialités médicales"
"SAVOIRS > Médecine > Spécialités médicales > Obstétrique","Spécialités médicales"
"SAVOIRS > Médecine > Spécialités médicales > Ophtalmologie","Spécialités médicales"
"SAVOIRS > Médecine > Spécialités médicales > ORL","Spécialités médicales"
"SAVOIRS > Médecine > Spécialités médicales > Pédiatrie","Spécialités médicales"
"SAVOIRS > Médecine > Spécialités médicales > Pharmacie","Pharmacie"
"SAVOIRS > Médecine > Spécialités médicales > Pharmacologie","Pharmacie"
"SAVOIRS > Médecine > Spécialités médicales > Psychiatrie","Spécialités médicales"
"SAVOIRS > Médecine > Spécialités médicales > Radiologie","Spécialités médicales"
"SAVOIRS > Médecine > Spécialités médicales > Sexologie","Spécialités médicales"
"SAVOIRS > Médecine > Spécialités médicales > Urgences","Spécialités médicales"
"SAVOIRS > Médecine > Spécialités médicales > Vétérinaire","Médecine vétérinaire"
"SAVOIRS > Médecine > Technologies médicales","Généralités médicales"
"SAVOIRS > Physique > Aérodynamique","Physique - Chimie"
"SAVOIRS > Physique > Astronomie","Physique - Chimie"
"SAVOIRS > Physique > Chaos","Physique - Chimie"
"SAVOIRS > Physique > Électricité","Physique - Chimie"
"SAVOIRS > Physique > Électronique","Physique - Chimie"
"SAVOIRS > Physique > Hydraulique","Physique - Chimie"
"SAVOIRS > Physique > Mécanique des fluides","Physique - Chimie"
"SAVOIRS > Physique > Mécanique des matériaux","Physique - Chimie"
"SAVOIRS > Physique > Optique","Physique - Chimie"
"SAVOIRS > Physique > Physique atomique","Physique - Chimie"
"SAVOIRS > Physique > Physique des particules","Physique - Chimie"
"SAVOIRS > Physique > Physique nucléaire","Physique - Chimie"
"SAVOIRS > Physique > Quantique","Physique - Chimie"
"SAVOIRS > Physique > Relativité","Physique - Chimie"
"SAVOIRS > Physique > Résistance des matériaux","Physique - Chimie"
"SAVOIRS > Physique > Thermodynamique","Physique - Chimie"
"SAVOIRS > Physique > Traitement du signal","Physique - Chimie"
"SAVOIRS > Sciences de la terre > Archéologie","Sciences de la vie et de la terre"
"SAVOIRS > Sciences de la terre > Catastrophes naturelles","Sciences de la vie et de la terre"
"SAVOIRS > Sciences de la terre > Eau","Sciences de la vie et de la terre"
"SAVOIRS > Sciences de la terre > Environnement","Développement Durable - Ecologie"
"SAVOIRS > Sciences de la terre > Géologie","Sciences de la vie et de la terre"
"SAVOIRS > Sciences de la terre > Volcanologie","Sciences de la vie et de la terre"
"SCOLAIRE > Agendas scolaires","Loisirs et Jeux"
"SCOLAIRE > Analyses littéraires","Critique littéraire"
"SCOLAIRE > Cahiers de vacances","Primaire parascolaire"
"SCOLAIRE > Collège","Collège parascolaire"
"SCOLAIRE > Dictionnaires","Dictionnaire de français"
"SCOLAIRE > Études supérieures > BTS/DUT","BTS parascolaire"
"SCOLAIRE > Études supérieures > Concours","CAPES - Agrégation"
"SCOLAIRE > Études supérieures > FLE","Français langue étrangère"
"SCOLAIRE > Études supérieures > Formation pro","Enseignement professionnel"
"SCOLAIRE > Études supérieures > Orientation","Pédagogie"
"SCOLAIRE > Études supérieures > Prépa","Enseignement secondaire 2e cycle"
"SCOLAIRE > Études supérieures > Université","Enseignement secondaire 2e cycle"
"SCOLAIRE > Lycée","Lycée parascolaire"
"SCOLAIRE > Maternelle","Maternelle parascolaire"
"SCOLAIRE > Pédagogie","Pédagogie"
"SCOLAIRE > Primaire","Primaire parascolaire"
